<?xml version="1.0" encoding="UTF-8" ?>
<!DOCTYPE configuration
        PUBLIC "-//mybatis.org//DTD Config 3.0//EN"
        "http://mybatis.org/dtd/mybatis-3-config.dtd">
<configuration>
    <!--加载属性文件-->
    <properties resource="config/db.properties"/>
    <!--全局参数配置-->
    <!--<settings>
        <setting name="" value=""/>
    </settings>-->
    <!--别名-->
    <typeAliases>
        <typeAlias type="com.mybatis.po.User" alias="user"></typeAlias>
        <!--批量定义名 别名为类名 首字母大写小写都可以-->
        <!--<package name=""></package>-->
    </typeAliases>
    <environments default="development">
        <environment id="development">
            <transactionManager type="JDBC"/>
            <dataSource type="POOLED">
                <property name="driver" value="${jdbc.driver}"/>
                <property name="url" value="${jdbc.url}"/>
                <property name="username" value="${jdbc.username}"/>
                <property name="password" value="${jdbc.password}"/>
            </dataSource>
        </environment>
    </environments>
    <mappers>
         <mapper resource="config/sqlmap/user.xml"/>
         <mapper resource="config/sqlmap/UserMapper.xml"/>
        <mapper resource="config/sqlmap/PersonMapper.xml"/>
        <mapper resource="config/sqlmap/NoteMapper.xml"/>
        <mapper resource="config/sqlmap/PageMapper.xml"/>
    </mappers>
</configuration>