<?xml version="1.0" encoding="UTF-8" ?>
<!DOCTYPE mapper
        PUBLIC "-//mybatis.org//DTD Mapper 3.0//EN"
        "http://mybatis.org/dtd/mybatis-3-mapper.dtd">
<mapper namespace="com.mybatis.mapper.UserMapper">
    <select id="findUserList" parameterType="com.mybatis.po.UserQueryVo"
            resultType="com.mybatis.po.User">
        SELECT * FROM users WHERE users.age=#{user.age} AND users.name LIKE '%${user.name}%'
    </select>

    <select id="findUserById" parameterType="int" resultType="com.mybatis.po.User">
        SELECT * FROM users WHERE id = #{id}
    </select>
    <select id="findUserByName" parameterType="java.lang.String" resultType="com.mybatis.po.User">
        SELECT * FROM users WHERE name LIKE '%${value}%'
    </select>

    <!--add users-->
    <insert id="insertUser" parameterType="com.mybatis.po.User">
        <!--   自增主键的返回
          <selectKey order="AFTER" resultType="java.lang.Integer" keyProperty="id">
          SELECT LAST_INSERT_ID()
          </selectKey>-->
        无自增返回
        <selectKey keyProperty="id" order="BEFORE" resultType="java.lang.String">
            SELECT uuid()
        </selectKey>
        INSERT INTO users (id,name,age) VALUES (#{id},#{name},#{age})
    </insert>

    <delete id="deleteUser" parameterType="int">
        DELETE FROM users WHERE id = #{id}
    </delete>

    <update id="updateUser" parameterType="com.mybatis.po.User">
        UPDATE users set name = #{name} , age = #{age} WHERE id = #{id}
    </update>
</mapper>